{
  "intercept": -1.3589362435826446,
  "coefficients": {
    "PC1": 0.5764473156991633,
    "PC2": -0.03222091398148023,
    "PC3": -0.2800700313911207,
    "PC4": 0.08522108414622628,
    "age_c": -0.05951958312838238,
    "height_c": 0.09975886755917887
  },
  "odds_ratios": {
    "PC1": 1.7797044580212473,
    "PC2": 0.9682926490653276,
    "PC3": 0.7557308147222129,
    "PC4": 1.0889577913907977,
    "age_c": 0.9422170818524813,
    "height_c": 1.104904457642066
  }
}