{
  "total_players": 616,
  "selected": 159,
  "not_selected": 457,
  "selection_rate": 0.25811688311688313,
  "mean_age": 22.766486142083465,
  "mean_height": 168.40116279069767,
  "pc_variance": {
    "PC1": 0.40054928595992706,
    "PC2": 0.13601500292802313,
    "PC3": 0.113202761806706,
    "PC4": 0.07684950953718388
  }
}